model_type,h_RMSE,q_RMSE,h_MAE,q_MAE,CSI_0.05,CSI_0.3,speed-up(cuda),total_parameters
SWEGNN,0.11382671445608139,0.011199811473488808,0.03766655921936035,0.0031429678201675415,0.6850546002388,0.6453097462654114,108.62253953703126,103690
CNN,0.1685718297958374,0.012102965265512466,0.06068890169262886,0.0036273763980716467,0.42152443528175354,0.4091009199619293,610.8589644330046,1868084
