model_type,h_RMSE,q_RMSE,h_MAE,q_MAE,CSI_0.05,CSI_0.3,speed-up(cuda),total_parameters
SWEGNN,0.03957706689834595,0.0030237154569476843,0.0198163203895092,0.0011911462061107159,0.10187652707099915,0.11207018792629242,15.07679252943119,0
CNN,0.03125438466668129,0.001609367085620761,0.017687417566776276,0.0009850868955254555,0.1564340740442276,0.15972524881362915,101.78051152278285,0
