model_type,h_RMSE,q_RMSE,h_MAE,q_MAE,CSI_0.05,CSI_0.3,speed-up(cuda),total_parameters
SWEGNN,0.11164356768131256,0.01221206970512867,0.03933029994368553,0.003706330433487892,0.7583410739898682,0.7343168258666992,52.52432373929548,103690
SWEGNN_ng,0.16279657185077667,0.017232373356819153,0.061290331184864044,0.006345073226839304,0.5856783986091614,0.5786733031272888,60.56085896561835,26250
GNN_L,0.1648683398962021,0.01648375391960144,0.06047195941209793,0.00567381689324975,0.6114044189453125,0.5888899564743042,160.58337071348234,41796
GAT,0.25784415006637573,0.01960090361535549,0.09276717156171799,0.005785220768302679,0.3449719548225403,0.27072733640670776,374.5874820832224,13252
CNN,0.109684519469738,0.013283287174999714,0.038731370121240616,0.004177573602646589,0.756385087966919,0.7344285249710083,253.6119916362639,1868084
