model_type,h_RMSE,q_RMSE,h_MAE,q_MAE,CSI_0.05,CSI_0.3,speed-up(cuda),total_parameters
SWEGNN,0.046963416039943695,0.004376675933599472,0.01950211450457573,0.001357460510917008,0.08045074343681335,0.07213388383388519,8.696139520787243,0
CNN,0.07000308483839035,0.004691109526902437,0.02366046793758869,0.0012828229228034616,0.2025187462568283,0.18421827256679535,42.946640820399516,0
