model_type,h_RMSE,q_RMSE,h_MAE,q_MAE,CSI_0.05,CSI_0.3,speed-up(cuda),total_parameters
SWEGNN,0.11133835464715958,0.013200498186051846,0.048770587891340256,0.0048207626678049564,0.7360740900039673,0.6841022372245789,57.792939219626966,103690
CNN,0.1573602259159088,0.016954541206359863,0.06498776376247406,0.005417573731392622,0.519049882888794,0.47821131348609924,274.86000899626174,1868084
