model_type,h_RMSE,q_RMSE,h_MAE,q_MAE,CSI_0.05,CSI_0.3,speed-up(cuda),total_parameters
SWEGNN,0.0510447695851326,0.004161314573138952,0.016289839521050453,0.0009947391226887703,0.09714508056640625,0.09271566569805145,12.28934643379931,0
SWEGNN_ng,0.06631156802177429,0.004613999743014574,0.015437126159667969,0.0008637159480713308,0.11943615227937698,0.12583805620670319,14.9607738455383,0
GNN_L,0.0690615251660347,0.00553530128672719,0.01619645580649376,0.001149435993283987,0.13347452878952026,0.11900990456342697,38.02512434905851,0
GAT,0.07235554605722427,0.006165475584566593,0.007326878607273102,0.001063530333340168,0.10914237797260284,0.08628498017787933,138.2368463938511,0
CNN,0.05106420814990997,0.005701154936105013,0.01293413806706667,0.0012596832821145654,0.09436273574829102,0.0928209125995636,58.588870699717766,0
